Auction Date,Property Address,Final Judgment,Assessed Value,Plaintiff Max Bid,Case #,Parcel ID,Case Link,Parcel Link
06/24/2026 11:00 AM ET,"914 27TH ST E BRADENTON, FL- 34208","$533,797.88","$355,533.00",Hidden,412016CA000235CAAXMA,1353900853,https://manatee.realforeclose.com//index.cfm?zaction=auction&zmethod=details&AID=412016CA000235CAAXMA&bypassPage=1,https://pcpao.gov/Parcel-Details/1353900853
06/24/2026 11:00 AM ET,"2813 EDGEWOOD DR PARRISH, FL- 34219","$327,813.29","$353,521.00","$327,813.29",412025CA002166CAAXMA,512936809,https://manatee.realforeclose.com//index.cfm?zaction=auction&zmethod=details&AID=412025CA002166CAAXMA&bypassPage=1,https://pcpao.gov/Parcel-Details/512936809
06/24/2026 11:00 AM ET,"3594 LAKE BAYSHORE DR # K218 BRADENTON, FL- 34205","$32,759.44","$90,100.00","$35,799.47",412025CC004581CCAXMA,5057620493,https://manatee.realforeclose.com//index.cfm?zaction=auction&zmethod=details&AID=412025CC004581CCAXMA&bypassPage=1,https://pcpao.gov/Parcel-Details/5057620493
06/25/2026 11:00 AM ET,"7280 83RD DR E BRADENTON, FL- 34201","$12,219.09","$250,750.00","$12,219.09",412025CC003179CCAXMA,2054122659,https://manatee.realforeclose.com//index.cfm?zaction=auction&zmethod=details&AID=412025CC003179CCAXMA&bypassPage=1,https://pcpao.gov/Parcel-Details/2054122659
07/01/2026 11:00 AM ET,"1415 45TH AVENUE CIR W BRADENTON, FL- 34207","$144,835.85","$42,403.00","$144,835.85",412023CA005064CAAXMA,5397800003,https://manatee.realforeclose.com//index.cfm?zaction=auction&zmethod=details&AID=412023CA005064CAAXMA&bypassPage=1,https://pcpao.gov/Parcel-Details/5397800003
07/01/2026 11:00 AM ET,"2400 MIGUEL BAY DR TERRA CEIA, FL- 34221","$1,377,358.23","$1,929,128.00","$1,377,358.23",412025CA001181CAAXMA,2140705456,https://manatee.realforeclose.com//index.cfm?zaction=auction&zmethod=details&AID=412025CA001181CAAXMA&bypassPage=1,https://pcpao.gov/Parcel-Details/2140705456
07/01/2026 11:00 AM ET,"4708 PARK ACRES DR BRADENTON, FL- 34207","$412,899.68","$259,625.00","$366,908.04",412025CA001790CAAXMA,MULTIPLE,https://manatee.realforeclose.com//index.cfm?zaction=auction&zmethod=details&AID=412025CA001790CAAXMA&bypassPage=1,https://pcpao.gov/Parcel-Details/MULTIPLE
07/01/2026 11:00 AM ET,"3715 75TH DR E SARASOTA, FL- 34243","$227,199.75","$267,434.00","$227,199.75",412026CA000186CAAXMA,1975110550,https://manatee.realforeclose.com//index.cfm?zaction=auction&zmethod=details&AID=412026CA000186CAAXMA&bypassPage=1,https://pcpao.gov/Parcel-Details/1975110550
07/07/2026 11:00 AM ET,"917 17TH ST W BRADENTON, FL- 34205","$278,313.27","$281,473.00","$278,313.27",412026CA000094CAAXMA,4380700007,https://manatee.realforeclose.com//index.cfm?zaction=auction&zmethod=details&AID=412026CA000094CAAXMA&bypassPage=1,https://pcpao.gov/Parcel-Details/4380700007
07/08/2026 11:00 AM ET,"4422 20TH ST W BRADENTON, FL- 34207","$342,937.44","$238,051.00","$342,937.44",412024CA001322CAAXMA,5196500002,https://manatee.realforeclose.com//index.cfm?zaction=auction&zmethod=details&AID=412024CA001322CAAXMA&bypassPage=1,https://pcpao.gov/Parcel-Details/5196500002
07/15/2026 11:00 AM ET,"8452 LINDRICK LN BRADENTON, FL- 34202","$5,138,711.62","$1,748,826.00","$303,234.78",412018CA005016CAAXMA,331942909,https://manatee.realforeclose.com//index.cfm?zaction=auction&zmethod=details&AID=412018CA005016CAAXMA&bypassPage=1,https://pcpao.gov/Parcel-Details/331942909
07/15/2026 11:00 AM ET,"218 3RD AVE E BRADENTON, FL- 34208","$410,000.68","$175,883.00","$410,000.68",412018CA006069CAAXMA,3158600001,https://manatee.realforeclose.com//index.cfm?zaction=auction&zmethod=details&AID=412018CA006069CAAXMA&bypassPage=1,https://pcpao.gov/Parcel-Details/3158600001
07/15/2026 11:00 AM ET,"226 CAPE HARBOUR LOOP UNIT 101 BRADENTON, FL- 34212","$198,665.24","$136,819.00","$198,665.24",412024CA000296CAAXMA,1102410859,https://manatee.realforeclose.com//index.cfm?zaction=auction&zmethod=details&AID=412024CA000296CAAXMA&bypassPage=1,https://pcpao.gov/Parcel-Details/1102410859
07/15/2026 11:00 AM ET,"2407 18TH ST E BRADENTON, FL- 34208","$316,959.82","$221,034.00","$316,959.82",412025CA002413CAAXMA,1384402754,https://manatee.realforeclose.com//index.cfm?zaction=auction&zmethod=details&AID=412025CA002413CAAXMA&bypassPage=1,https://pcpao.gov/Parcel-Details/1384402754
07/16/2026 11:00 AM ET,"7706 US OPEN LOOP LAKEWOOD RANCH, FL- 34202","$13,008.40","$546,310.00","$13,008.40",412025CC003495CCAXMA,588433805,https://manatee.realforeclose.com//index.cfm?zaction=auction&zmethod=details&AID=412025CC003495CCAXMA&bypassPage=1,https://pcpao.gov/Parcel-Details/588433805
07/22/2026 11:00 AM ET,"714 MAGELLAN DR SARASOTA, FL- 34243","$279,670.59","$314,118.00","$14,074.32",412023CA006592CAAXMA,6589100004,https://manatee.realforeclose.com//index.cfm?zaction=auction&zmethod=details&AID=412023CA006592CAAXMA&bypassPage=1,https://pcpao.gov/Parcel-Details/6589100004
07/29/2026 11:00 AM ET,"323 158TH ST E BRADENTON, FL- 34212","$554,236.93","$452,485.00","$554,236.93",412025CA000729CAAXMA,561620309,https://manatee.realforeclose.com//index.cfm?zaction=auction&zmethod=details&AID=412025CA000729CAAXMA&bypassPage=1,https://pcpao.gov/Parcel-Details/561620309
07/29/2026 11:00 AM ET,"1004 72ND ST NW BRADENTON, FL- 34209","$183,656.10","$171,855.00","$183,656.10",412025CA002251CAAXMA,3035900301,https://manatee.realforeclose.com//index.cfm?zaction=auction&zmethod=details&AID=412025CA002251CAAXMA&bypassPage=1,https://pcpao.gov/Parcel-Details/3035900301
07/29/2026 11:00 AM ET,"4803 HARVEST GROVE PL PARRISH, FL- 34219","$312,992.01","$364,696.00","$312,992.01",412025CA002646CAAXMA,474760309,https://manatee.realforeclose.com//index.cfm?zaction=auction&zmethod=details&AID=412025CA002646CAAXMA&bypassPage=1,https://pcpao.gov/Parcel-Details/474760309
08/04/2026 11:00 AM ET,"4581 35TH AVENUE CIR E PALMETTO, FL- 34221","$14,074.32","$140,688.00","$14,074.32",412025CC002885CCAXMA,747500659,https://manatee.realforeclose.com//index.cfm?zaction=auction&zmethod=details&AID=412025CC002885CCAXMA&bypassPage=1,https://pcpao.gov/Parcel-Details/747500659
08/05/2026 11:00 AM ET,"4719 61ST AVENUE TER W BRADENTON, FL- 34210","$661,290.40","$476,000.00","$661,290.40",412024CA000165CAAXMA,6147303454,https://manatee.realforeclose.com//index.cfm?zaction=auction&zmethod=details&AID=412024CA000165CAAXMA&bypassPage=1,https://pcpao.gov/Parcel-Details/6147303454
08/05/2026 11:00 AM ET,"16618 BERWICK TER BRADENTON, FL- 34202","$1,052,082.22","$1,259,644.00","$1,052,082.22",412025CA000932CAAXMA,586320459,https://manatee.realforeclose.com//index.cfm?zaction=auction&zmethod=details&AID=412025CA000932CAAXMA&bypassPage=1,https://pcpao.gov/Parcel-Details/586320459
08/05/2026 11:00 AM ET,"1801 GULF DR N UNIT 216 BRADENTON BEACH, FL- 34217","$541,356.91","$157,021.00","$541,356.91",412025CA001670CAAXMA,7693310000,https://manatee.realforeclose.com//index.cfm?zaction=auction&zmethod=details&AID=412025CA001670CAAXMA&bypassPage=1,https://pcpao.gov/Parcel-Details/7693310000
08/05/2026 11:00 AM ET,"1009 6TH ST W BRADENTON, FL- 34205","$200,993.12","$47,487.00","$200,993.12",412025CA002295CAAXMA,4324500000,https://manatee.realforeclose.com//index.cfm?zaction=auction&zmethod=details&AID=412025CA002295CAAXMA&bypassPage=1,https://pcpao.gov/Parcel-Details/4324500000
08/05/2026 11:00 AM ET,"6805 22ND AVE W BRADENTON, FL- 34209","$193,132.98","$132,685.00","$193,132.98",412025CA002881CAAXMA,3938613050,https://manatee.realforeclose.com//index.cfm?zaction=auction&zmethod=details&AID=412025CA002881CAAXMA&bypassPage=1,https://pcpao.gov/Parcel-Details/3938613050
08/06/2026 11:00 AM ET,"10004 CORTEZ RD W APT 106 BRADENTON, FL- 34210","$216,445.23","$159,375.00","$216,445.23",412025CA002616CAAXMA,7503500352,https://manatee.realforeclose.com//index.cfm?zaction=auction&zmethod=details&AID=412025CA002616CAAXMA&bypassPage=1,https://pcpao.gov/Parcel-Details/7503500352
08/11/2026 11:00 AM ET,"14308 SUNDIAL PL LAKEWOOD RANCH, FL- 34202","$6,265.81","$340,656.00","$6,265.81",412025CC004086CCAXMA,584363009,https://manatee.realforeclose.com//index.cfm?zaction=auction&zmethod=details&AID=412025CC004086CCAXMA&bypassPage=1,https://pcpao.gov/Parcel-Details/584363009
08/12/2026 11:00 AM ET,"17625 CANTARINA CV BRADENTON, FL- 34211","$688,389.64","$481,384.00","$688,389.64",412025CA001812CAAXMA,581117559,https://manatee.realforeclose.com//index.cfm?zaction=auction&zmethod=details&AID=412025CA001812CAAXMA&bypassPage=1,https://pcpao.gov/Parcel-Details/581117559
08/26/2026 11:00 AM ET,"4016 KINGSFIELD DR PARRISH, FL- 34219","$512,377.26","$377,425.00","$512,377.26",412025CA002772CAAXMA,503604357,https://manatee.realforeclose.com//index.cfm?zaction=auction&zmethod=details&AID=412025CA002772CAAXMA&bypassPage=1,https://pcpao.gov/Parcel-Details/503604357
09/02/2026 11:00 AM ET,"2400 3RD ST E BRADENTON, FL- 34208","$127,920.38","$71,519.00","$127,920.38",412025CA001955CAAXMA,4640300002,https://manatee.realforeclose.com//index.cfm?zaction=auction&zmethod=details&AID=412025CA001955CAAXMA&bypassPage=1,https://pcpao.gov/Parcel-Details/4640300002
09/09/2026 11:00 AM ET,"4746 PINNACLE DR BRADENTON, FL- 34208","$238,014.48","$652,660.00","$238,014.48",412025CA000855CAAXMA,1074501859,https://manatee.realforeclose.com//index.cfm?zaction=auction&zmethod=details&AID=412025CA000855CAAXMA&bypassPage=1,https://pcpao.gov/Parcel-Details/1074501859
09/23/2026 11:00 AM ET,"2008 27TH AVE W BRADENTON, FL- 34205","$334,853.55","$279,292.00","$334,853.55",412025CA001265CAAXMA,4930100005,https://manatee.realforeclose.com//index.cfm?zaction=auction&zmethod=details&AID=412025CA001265CAAXMA&bypassPage=1,https://pcpao.gov/Parcel-Details/4930100005
